;;;;;;;;;;;;;;;;;;;
;;;YAMAZUMI;;;;;;;;;;;;;;;;
;;;PROJETO PRODUTIVIDADE 2024;;;;;;;;;;;;;;;;
;Insira os dados para gerar o Yamazumi;;;;;;;;;;;;;;;;;;
;;;;;;;;;;;;;;;;;;;
;Atividade;Classificação;Arrefec.;Diesel;Reaperto;5ª Roda;Estepe;Pneu LD;Pneu LE;Aperto LD;Aperto LE;Grade;Mecânica 1;Mecânica 2;Elétrica 1 ;Elétrica 2;Controle ;Motorista;Quis
;Andar até o carrinho de ferramentas do ar condicionado.;ÑAG;00:00:05;;;;;;;;;;;;;;;;
;Pegar as chaves, o torquímetro, dispositivo do ar condicionado e o pincel com lubrificante sintético, levar todos os itens até o veículo e apoiar as chaves e o torquímetro no suporte do para-choque.;ÑAG;00:00:07;;;;;;;;;;;;;;;;
;Remover as tampas provisórias das tubulações do ar-condicionado e do arrefecimento, aplicar lubrificante sintético nas conexões das mangueiras, rosquear as mangueiras nas conexões do ar condicionado e apertar até o torque especificado.;AGR;00:00:40;;;;;;;;;;;;;;;;
;Após o aperto, levar o pincel, as chaves e o torquímetro de volta ao carrinho de ferramentas.;ÑAG;00:00:07;;;;;;;;;;;;;;;;
;Deslocar-se até a máquina de abastecimento do líquido de arrefecimento, pegar o adaptador, andar até o veículo e conectá-lo ao reservatório do líquido de arrefecimento.;ÑAG;00:00:09;;;;;;;;;;;;;;;;
;Voltar até a máquina e pegar a mangueira para abastecer o reservatório de arrefecimento.;AGR;00:00:06;;;;;;;;;;;;;;;;
;Andar até o adaptador, conectar a mangueira corretamente e pressionar o botão verde para fixar a máquina ao adaptador e iniciar o abastecimento.;AGR;00:00:07;;;;;;;;;;;;;;;;
;Pegar a mangueira transparente fornecida e conectá-la na mangueira preta localizada na parte traseira do reservatório.;AGR;00:00:04;;;;;;;;;;;;;;;;
;Andar até a máquina de abastecimento de ar condicionado.;ÑAG;00:00:03;;;;;;;;;;;;;;;;
;Pegar as mangueiras de alta e baixa pressão, deslocar-se até o veículo e conectá-las nas posições corretas das tubulações do ar-condicionado.;AGR;00:00:05;;;;;;;;;;;;;;;;
;Pressionar os botões verdes para iniciar o processo.;AGR;00:00:05;;;;;;;;;;;;;;;;
;Voltar até a máquina de abastecimento de ar-condicionado e pegar o suporte separador (A0009958665), que impede o atrito das mangueiras do ar-condicionado.;AGR;00:00:06;;;;;;;;;;;;;;;;
;Andar até o veículo;ÑAG;00:00:03;;;;;;;;;;;;;;;;
;Posicionar o suporte separador no espaço entre as mangueiras.;AGR;00:00:08;;;;;;;;;;;;;;;;
;Aguardar o término do abastecimento do ar-condicionado, o painel da máquina ficará verde, indicando que as mangueiras podem ser removidas.;ÑAG;00:01:15;;;;;;;;;;;;;;;;
;Pressionar o botão vermelho para liberar as mangueiras e concluir o processo, levar as mangueiras de volta à posição de descanso correta, deslocar-se até o veículo para fechar as tubulações do ar-condicionado com as tampas apropriadas.;AGR;00:00:10;;;;;;;;;;;;;;;;
;Deslocar-se até a máquina de abastecimento do líquido de arrefecimento e verificar se o processo foi concluído, remover a mangueira transparente da mangueira preta localizada atrás do reservatório.;ÑAG;00:01:42;;;;;;;;;;;;;;;;
;Pressionar o botão vermelho no engate da máquina para liberar o conector e finalizar o processo, após isso, deslocar a mangueira de arrefecimento para o local apropriado.;AGR;00:00:07;;;;;;;;;;;;;;;;
;Voltar ao reservatório de arrefecimento para remover o adaptador de abastecimento e fechar o reservatório com a tampa.;ÑAG;00:00:12;;;;;;;;;;;;;;;;
;Guardar o adaptador de abastecimento e a mangueira de líquido de arrefecimento no local apropriado.;ÑAG;00:00:09;;;;;;;;;;;;;;;;
;Pegar o adaptador para o abastecimento de ar.;ÑAG;;00:00:06;;;;;;;;;;;;;;;
;Levar até o veículo e rosquear o adaptador na APU.;ÑAG;;00:00:36;;;;;;;;;;;;;;;
;Remover a tampa provisória do tanque de combustível e do reservatório do arla e liberar a tubulação da sangria, jogar as tampas no coletor de lixo plástico.;ÑAG;;00:00:05;;;;;;;;;;;;;;;
;Remover a tampinha de borracha do climatizador.;ÑAG;;00:00:05;;;;;;;;;;;;;;;
;Andar até a máquina de abastecimento de ar comprimido;ÑAG;;00:00:05;;;;;;;;;;;;;;;
;Retirar a mangueira de abastecimento de ar do suporte, levá-la até o veículo e conectar ao adaptador de ar.;AGR;;00:00:13;;;;;;;;;;;;;;;
;Deslocar-se até a botoeira para dar início ao processo de abastecimento de ar.;AGR;;00:00:05;;;;;;;;;;;;;;;
;Retornar à máquina de abastecimento para pegar a mangueira de diesel e a mangueira de sangria.;ÑAG;;00:00:06;;;;;;;;;;;;;;;
;Posicionar a pistola de diesel na entrada do tanque e conectar a mangueira de sangria na tubulação previamente desacoplado, em seguida, acionar o gatilho da pistola de diesel e abrir o registro da sangria.;AGR;;00:00:15;;;;;;;;;;;;;;;
;Retornar à máquina de abastecimento.;ÑAG;;00:00:11;;;;;;;;;;;;;;;
;Pegar a pistola de abastecimento de arla, conduzi-la até o veículo, posicioná-la no reservatório e acionar o gatilho;AGR;;00:00:11;;;;;;;;;;;;;;;
;Deslocar-se até a máquina de abastecimento do climatizador.;ÑAG;;00:00:08;;;;;;;;;;;;;;;
;Pegar a mangueira do climatizador, conduzi-la até o veículo e conectá-la na entrada;AGR;;00:00:11;;;;;;;;;;;;;;;
;Deslocar-se até a máquina de abastecimento do climatizador.;ÑAG;;00:00:04;;;;;;;;;;;;;;;
;Acionar o gatilho e pressionar o botão de início para iniciar o processo de abastecimento do climatizador. Pegar a tampa do arla (A0004707105), remover também a pistola do arla e devolvê-la à máquina.;AGR;;00:00:36;;;;;;;;;;;;;;;
;Aguardar a conclusão do abastecimento de diesel e da água do climatizador. Em seguida, fechar o registro da máquina do climatizador.;ÑAG;;00:00:56;;;;;;;;;;;;;;;
;Deslocar-se até o veículo.;ÑAG;;00:00:12;;;;;;;;;;;;;;;
;Remover a mangueira do climatizador, fechar a tampa e voltar para posição no coldre;AGR;;00:00:10;;;;;;;;;;;;;;;
;Remover a mangueira de diesel, retirar e devolver a pistola no coldre;AGR;;00:00:14;;;;;;;;;;;;;;;
;Liberar a sangria, conectar o tubulação no tanque de combustível e devolver a mangueira da sangria no coldre.;AGR;;00:00:12;;;;;;;;;;;;;;;
;Pegar a máquina elétrica para recuar as hastes do cilindro e deslocar-se até os eixos traseiros do veículo.;ÑAG;;00:00:04;;;;;;;;;;;;;;;
;Recuar as hastes do cilindro de freio do eixo traseiro;AGR;;00:00:12;;;;;;;;;;;;;;;
;Devolver a máquina elétrica ao coldre.;ÑAG;;00:00:08;;;;;;;;;;;;;;;
;Deslocar-se novamente até o veículo.;ÑAG;;00:00:06;;;;;;;;;;;;;;;
;Desconectar as mangueiras de abastecimento de ar comprimido, desrosquear o adaptador e devolver no coldre.;ÑAG;;00:00:15;;;;;;;;;;;;;;;
;Pegaros adesivos do tanque de combustível (A9585843317), dirigir-se até o tanque de combustível localizado no lado esquerdo e colar o adesivo;AGR;;;00:00:13;;;;;;;;;;;;;;
;Dirigir-se até a prateleira e retirar 4 tampas de fechamento (A9415250238), o macete e o dispositivo auxiliar para fixação das tampas de fechamento.;AGR;;;00:00:15;;;;;;;;;;;;;;
;Dirigir-se até o veículo, utilizar o dispositivo e fixar as tampas de fechamento nos suportes localizados atrás dos para-lamas, tanto do lado direito quanto do lado esquerdo.;AGR;;;00:00:32;;;;;;;;;;;;;;
;Dirigir-se novamente até a prateleira para devolver o dispositivo e o macete.;ÑAG;;;00:00:08;;;;;;;;;;;;;;
;Dirigir-se até o carrinho de para-lamas traseiros ATP, retirar 2 parafusos (N91010500441) e 2 garras de fixação (A9605230103), pré-montá-los e, em seguida, pegar o para-lama do lado direito.;AGR;;;00:00:31;;;;;;;;;;;;;;
;Dirigir-se até o veículo.;ÑAG;;;00:00:05;;;;;;;;;;;;;;
;Posicionar o para-lama no suporte do veículo e alinhar os parafusos.;AGR;;;00:00:32;;;;;;;;;;;;;;
;Retornar ao carrinho de para-lamas traseiros ATP, pegar 2 parafusos (N91010500441) e 2 garras de fixação (A9605230103), pré-montá-los e, em seguida, pegar o para-lama  (L/E).;AGR;;;00:00:21;;;;;;;;;;;;;;
;Retornar ao veículo e posicionar o para-lama no suporte traseiro do lado esquerdo.;AGR;;;00:00:08;;;;;;;;;;;;;;
;Apontar os parafusos do para-lama.;AGR;;;00:00:28;;;;;;;;;;;;;;
;Deslocar-se até o carrinho de complementos dos para-lamas traseiros - ATP e pegar a máquina angular.;ÑAG;;;00:00:05;;;;;;;;;;;;;;
;Retornar ao veículo e realizar o aperto das lanternas traseiras, do lado direito e esquerdo, que estão apenas apontadas.;AGR;;;00:00:36;;;;;;;;;;;;;;
;Dirigir-se novamente até o carrinho e devolver a máquina angular à sua posição correta.;ÑAG;;;00:00:09;;;;;;;;;;;;;;
;Dirigir-se até o para-lama traseiro do veículo, lado esquerdo.;ÑAG;;;00:00:04;;;;;;;;;;;;;;
;Conectar os chicotes das lanternas e posicionar os complementos dos para-lamas.;AGR;;;00:00:35;;;;;;;;;;;;;;
;Dirigir-se até a prateleira e pegar 8 cintas plásticas.;AGR;;;00:00:09;;;;;;;;;;;;;;
;Dirigir-se até o veículo e realizar a amarração das sobras dos chicotes das lanternas traseiras, cortando o excesso das cintas plásticas.;AGR;;;00:01:34;;;;;;;;;;;;;;
;Dirigir-se até a prateleira novamente para pegar,  2 parafusos (N91010500003), 2 porcas SW 16 (N91302300002), 2 calços (A3844757019) e 2 chapas de apoio (A3824320026).;AGR;;;00:00:29;;;;;;;;;;;;;;
;Dirigir-se até o carrinho do suporte do extintor para pegar o suporte de madeira do extintor.;AGR;;;00:00:13;;;;;;;;;;;;;;
;Dirigir-se até a parte traseira do veículo e posicionar o suporte de madeira em sua devida posição.;AGR;;;00:00:46;;;;;;;;;;;;;;
;Dirigir-se até o carrinho de ferramentas para pegar a máquina e a chave 16.;ÑAG;;;00:00:06;;;;;;;;;;;;;;
;Retornar ao veículo e apertar o suporte de madeira do extintor, assim como as para-lamas traseiras dos lados esquerdo e direito.;AGR;;;00:00:28;;;;;;;;;;;;;;
;Devolver máquina no coldre.;ÑAG;;;00:00:06;;;;;;;;;;;;;;
;Dirigir-se até o veículo, posicionar corretamente o extintor no suporte e fixá-lo com a cinta de suporte.;AGR;;;00:00:38;;;;;;;;;;;;;;
;Voltar até o posto inicial.;ÑAG;;;00:00:06;;;;;;;;;;;;;;
;Apertar a botoeira para liberar a 5ª roda e, em seguida, apertar novamente a botoeira para reposicionar a 5ª roda corretamente.;ÑAG;;;;00:00:45;;;;;;;;;;;;;
;Alinhar e fixar o estepe no engate, em seguida, suspender a 5ª roda com o manipulador.;AGR;;;;00:01:22;;;;;;;;;;;;;
;Andar até o veículo.;ÑAG;;;;00:00:13;;;;;;;;;;;;;
;Consultar o checklist para verificar o modelo e preparar os parafusos.;AGR;;;;00:00:12;;;;;;;;;;;;;
;Retornar à área da 5ª roda.;ÑAG;;;;00:00:12;;;;;;;;;;;;;
;Pegar quatro arruelas, quatro parafusos e oito porcas.;AGR;;;;00:00:32;;;;;;;;;;;;;
;Preparar a 5ª roda com os parafusos.;AGR;;;;00:00:48;;;;;;;;;;;;;
;Dirigir-se até a prateleira.;ÑAG;;;;00:00:07;;;;;;;;;;;;;
; Pegar dois parafusos, duas garras de fixação e o para-lama lado esquerdo.;AGR;;;;00:00:18;;;;;;;;;;;;;
;Andar até o veículo;ÑAG;;;;00:00:09;;;;;;;;;;;;;
;Posicionar sobre o veículo.;AGR;;;;00:00:07;;;;;;;;;;;;;
;Marcar na longarina a posição da 5ª roda e aguardar o veículo alcançar o curso do manipulador.;ÑAG;;;;00:00:31;;;;;;;;;;;;;
;Descer a 5ª roda sobre o veículo.;AGR;;;;00:01:21;;;;;;;;;;;;;
;Puxar a alavanca para liberar o manipulador da 5ª roda e retornar o manipulador à posição inicial.;AGR;;;;00:00:41;;;;;;;;;;;;;
;Alinhar os parafusos, arruelas e porcas.;AGR;;;;00:00:47;;;;;;;;;;;;;
;Buscar a máquina eletrônica, a chave e o adaptador.;ÑAG;;;;00:00:19;;;;;;;;;;;;;
;Realizar o toque da 5ª roda do lado esquerdo. ;AGR;;;;00:02:41;;;;;;;;;;;;;
;Devolver maquina e chave e adaptador na posição correta ;ÑAG;;;;00:00:08;;;;;;;;;;;;;
;Andar até o veículo.;ÑAG;;;;00:00:07;;;;;;;;;;;;;
;Posicionar corretamente o para-lama lado esquerdo, e alinhar os parafusos do para-lama.;AGR;;;;00:00:16;;;;;;;;;;;;;
;Buscar a chave 16 do coldre.;ÑAG;;;;00:00:07;;;;;;;;;;;;;
;Apertar o para-lama lado esquerdo.;AGR;;;;00:00:13;;;;;;;;;;;;;
;Voltar ao posto inicial e devolver apertadeira;ÑAG;;;;00:00:08;;;;;;;;;;;;;
;Deslocar-se até o carrinho do para-lama traseiro ATP.;ÑAG;;;;;00:00:08;;;;;;;;;;;;
;Utilizar uma mão para pegar 2 parafusos e 2 garras de fixação, enquanto com a outra mão, pegar o para-lama traseiro do lado direito.;AGR;;;;;00:00:14;;;;;;;;;;;;
;Voltar ao veículo.;ÑAG;;;;;00:00:10;;;;;;;;;;;;
;Posicionar e pontear o para-lama no veículo.;AGR;;;;;00:00:32;;;;;;;;;;;;
;Deslocar-se até o carrinho de ferramentas.;ÑAG;;;;;00:00:07;;;;;;;;;;;;
;Pegar a máquina 16 e deslocar-se novamente até o para-lama.;ÑAG;;;;;00:00:11;;;;;;;;;;;;
;Efetuar o aperto do para-lama.;AGR;;;;;00:00:10;;;;;;;;;;;;
;Deslocar-se até o carrinho de ferramentas para devolver a máquina ao coldre.;ÑAG;;;;;00:00:10;;;;;;;;;;;;
;Voltar ao veículo.;ÑAG;;;;;00:00:06;;;;;;;;;;;;
;Auxiliar no posicionamento da 5ª roda do lado direito, indicando as peças nos parafusos.;AGR;;;;;00:00:30;;;;;;;;;;;;
;Deslocar-se até a máquina de aperto da 5ª roda, retirar o adaptador e a chave, e utilizar a peça auxiliar no aperto.;ÑAG;;;;;00:00:15;;;;;;;;;;;;
;Voltar até o veículo.;ÑAG;;;;;00:00:04;;;;;;;;;;;;
;Efetuar o aperto dos 4 parafusos da 5ª roda do lado direito.;AGR;;;;;00:02:35;;;;;;;;;;;;
;Guardar o adaptador e a chave, e devolver a máquina à posição correta.;ÑAG;;;;;00:00:07;;;;;;;;;;;;
;Cortar cintas que envolvem as rodas;ÑAG;;;;;;00:00:04;;;;;;;;;;;
;Pegar a roda dianteira com o manipulador.;AGR;;;;;;00:00:08;;;;;;;;;;;
;Com o virador, pegar próxima roda 2 do eixo traseiro I na esteira;AGR;;;;;;00:00:12;;;;;;;;;;;
;Pegar prolongador de válvula do pneu e rosquear na válvula da próxima roda com o dispositivo;AGR;;;;;;00:00:20;;;;;;;;;;;
;Pegar cintas que caírem no chão e jogar no lixo;ÑAG;;;;;;00:00:06;;;;;;;;;;;
;Esperar veículo chegar ao curso do manipulador de rodas.;ÑAG;;;;;;00:00:05;;;;;;;;;;;
;Posicionar roda dianteira apontando a porca para evitar que caia.;AGR;;;;;;00:00:12;;;;;;;;;;;
;Retirar manipulador e voltar para esteira., Com manipulador, pegar roda 1 do eixo traseiro I na esteira;AGR;;;;;;00:00:19;;;;;;;;;;;
;Apertar botoeira para esteira liberar próxima remessa de rodas.;ÑAG;;;;;;00:00:04;;;;;;;;;;;
;Andar até prateleira do lado da esteira e pegar dispositivo para não riscar o cubo da roda;ÑAG;;;;;;00:00:08;;;;;;;;;;;
;Encaixar dispositivo no cubo da roda;ÑAG;;;;;;00:00:06;;;;;;;;;;;
;Andar até a esteira;ÑAG;;;;;;00:00:06;;;;;;;;;;;
;Esperar o eixo traseiro chegar ate o curso do manipulador ;ÑAG;;;;;;00:00:21;;;;;;;;;;;
;Posicionar roda 1 do manipulador no cubo no eixo traseiro I;AGR;;;;;;00:00:12;;;;;;;;;;;
;Ainda com manipulador, pegar roda 2 do eixo traseiro Ique estava no virador;AGR;;;;;;00:00:08;;;;;;;;;;;
;Colocar roda 2 na posição correta em relação a roda 1 do eixo traseiro I;AGR;;;;;;00:00:20;;;;;;;;;;;
;Pontear duas porcas para a roda não caírem ;AGR;;;;;;00:00:06;;;;;;;;;;;
;Tirar o manipulador;ÑAG;;;;;;00:00:08;;;;;;;;;;;
;Andar até a prateleira. ;ÑAG;;;;;;00:00:06;;;;;;;;;;;
;Pegar 9 porcas, ir até o veículo e pontear ;AGR;;;;;;00:00:57;;;;;;;;;;;
;Voltar ao ponto inicial ;ÑAG;;;;;;00:00:08;;;;;;;;;;;
;;ÑAG;;;;;;;00:00:04;;;;;;;;;;
;;AGR;;;;;;;00:00:08;;;;;;;;;;
;;AGR;;;;;;;00:00:12;;;;;;;;;;
;;AGR;;;;;;;00:00:20;;;;;;;;;;
;;ÑAG;;;;;;;00:00:06;;;;;;;;;;
;;ÑAG;;;;;;;00:00:05;;;;;;;;;;
;;AGR;;;;;;;00:00:12;;;;;;;;;;
;;AGR;;;;;;;00:00:19;;;;;;;;;;
;;ÑAG;;;;;;;00:00:04;;;;;;;;;;
;;ÑAG;;;;;;;00:00:08;;;;;;;;;;
;;ÑAG;;;;;;;00:00:06;;;;;;;;;;
;;ÑAG;;;;;;;00:00:06;;;;;;;;;;
;;ÑAG;;;;;;;00:00:21;;;;;;;;;;
;;AGR;;;;;;;00:00:12;;;;;;;;;;
;;AGR;;;;;;;00:00:08;;;;;;;;;;
;;AGR;;;;;;;00:00:20;;;;;;;;;;
;;AGR;;;;;;;00:00:06;;;;;;;;;;
;;ÑAG;;;;;;;00:00:08;;;;;;;;;;
;;ÑAG;;;;;;;00:00:06;;;;;;;;;;
;;AGR;;;;;;;00:00:57;;;;;;;;;;
;;ÑAG;;;;;;;00:00:08;;;;;;;;;;
;Andar até carrinho das calotas das porcas.;ÑAG;;;;;;;;00:00:04;;;;;;;;;
;Pegar pino do reboque.;AGR;;;;;;;;00:00:03;;;;;;;;;
;Andar até para-choque do veículo.;ÑAG;;;;;;;;00:00:05;;;;;;;;;
;Posicionar e travar pino reboque no local correto.;AGR;;;;;;;;00:00:06;;;;;;;;;
;Andar até esteira de porca de roda.;ÑAG;;;;;;;;00:00:08;;;;;;;;;
;Pegar 9x porcas da roda.;AGR;;;;;;;;00:00:08;;;;;;;;;
;Ir até a roda dianteira do lado esquerdo.;ÑAG;;;;;;;;00:00:07;;;;;;;;;
;Pontear as 9x porcas na roda.;AGR;;;;;;;;00:00:32;;;;;;;;;
;Voltar até esteira de porcas de roda;ÑAG;;;;;;;;00:00:06;;;;;;;;;
;Pegar + 9 porcas da roda.;AGR;;;;;;;;00:00:08;;;;;;;;;
;Ir até a roda do eixo traseiro I;ÑAG;;;;;;;;00:00:03;;;;;;;;;
;Pontear as 9 porcas na roda.;AGR;;;;;;;;00:00:36;;;;;;;;;
;Andar até apertadeira de porca da roda dianteira.;ÑAG;;;;;;;;00:00:08;;;;;;;;;
;Posicioná-la nas porcas da roda dianteira e fazer aperto.;AGR;;;;;;;;00:00:32;;;;;;;;;
;Andar com apertadeira até roda do 1º eixo traseiro.;ÑAG;;;;;;;;00:00:08;;;;;;;;;
;Posicioná-la novamente nas porcas e fazer aperto;AGR;;;;;;;;00:00:28;;;;;;;;;
;Andar até carrinho das calotas das porcas.;ÑAG;;;;;;;;00:00:06;;;;;;;;;
;Pegar 10 calotas das porcas de roda dianteira e dispositivo para aperto.;AGR;;;;;;;;00:00:09;;;;;;;;;
;Andar até roda dianteira do lado esquerdo.;ÑAG;;;;;;;;00:00:08;;;;;;;;;
;Posicionar todas as calotas.;AGR;;;;;;;;00:00:12;;;;;;;;;
;Com o dispositivo, fazer a fixação das calotas das porcas.;AGR;;;;;;;;00:00:28;;;;;;;;;
;Andar até o carinho da cobertura dos para-lamas traseiros ATP;ÑAG;;;;;;;;00:00:04;;;;;;;;;
;Pegar o para-lama;AGR;;;;;;;;00:00:12;;;;;;;;;
;Andar até o eixo traseiro do veículo;ÑAG;;;;;;;;00:00:06;;;;;;;;;
;Posicionar e fixar as travas da cobertura do para-lama ;AGR;;;;;;;;00:00:32;;;;;;;;;
;Voltar ao posto inicial.;ÑAG;;;;;;;;00:00:04;;;;;;;;;
;;ÑAG;;;;;;;;;00:00:04;;;;;;;;
;;AGR;;;;;;;;;00:00:03;;;;;;;;
;;ÑAG;;;;;;;;;00:00:05;;;;;;;;
;;AGR;;;;;;;;;00:00:06;;;;;;;;
;;ÑAG;;;;;;;;;00:00:08;;;;;;;;
;;AGR;;;;;;;;;00:00:08;;;;;;;;
;;ÑAG;;;;;;;;;00:00:07;;;;;;;;
;;AGR;;;;;;;;;00:00:32;;;;;;;;
;;ÑAG;;;;;;;;;00:00:06;;;;;;;;
;;AGR;;;;;;;;;00:00:08;;;;;;;;
;;ÑAG;;;;;;;;;00:00:03;;;;;;;;
;;AGR;;;;;;;;;00:00:36;;;;;;;;
;;ÑAG;;;;;;;;;00:00:08;;;;;;;;
;;AGR;;;;;;;;;00:00:32;;;;;;;;
;;ÑAG;;;;;;;;;00:00:08;;;;;;;;
;;AGR;;;;;;;;;00:00:28;;;;;;;;
;;ÑAG;;;;;;;;;00:00:06;;;;;;;;
;;AGR;;;;;;;;;00:00:09;;;;;;;;
;;ÑAG;;;;;;;;;00:00:08;;;;;;;;
;;AGR;;;;;;;;;00:00:12;;;;;;;;
;;AGR;;;;;;;;;00:00:28;;;;;;;;
;;ÑAG;;;;;;;;;00:00:04;;;;;;;;
;;AGR;;;;;;;;;00:00:12;;;;;;;;
;;ÑAG;;;;;;;;;00:00:06;;;;;;;;
;;AGR;;;;;;;;;00:00:32;;;;;;;;
;;ÑAG;;;;;;;;;00:00:04;;;;;;;;
;Deslocar-se até o carrinho de tampas da central elétrica.;ÑAG;;;;;;;;;;00:00:05;;;;;;;
;Pegar a tampa da central, um canal de ar, um batente, um antivibrador, uma tampa PVC do quadro, duas porcas e dois parafusos.;AGR;;;;;;;;;;00:00:12;;;;;;;
;Pegar a máquina elétrica no coldre.;ÑAG;;;;;;;;;;00:00:05;;;;;;;
;Deslocar-se até a central do veículo.;ÑAG;;;;;;;;;;00:00:08;;;;;;;
;Efetuar o fechamento da central elétrica.;AGR;;;;;;;;;;00:00:57;;;;;;;
;Posicionar e fixar o canal de ar de forma adequada.;AGR;;;;;;;;;;00:00:22;;;;;;;
;Devolver a máquina no coldre.;ÑAG;;;;;;;;;;00:00:09;;;;;;;
;Deslocar-se até o carrinho da grade frontal.;AGR;;;;;;;;;;00:00:10;;;;;;;
;Retirar uma grade frontal do Atego.;AGR;;;;;;;;;;00:00:06;;;;;;;
;Na prateleira ao lado, retirar sete parafusos, duas arruelas e a máquina.;AGR;;;;;;;;;;00:00:11;;;;;;;
;Deslocar-se até a frente do veículo.;ÑAG;;;;;;;;;;00:00:07;;;;;;;
;Posicionar o ponteiro e fixar a grade frontal.;AGR;;;;;;;;;;00:00:32;;;;;;;
;Devolver a máquina ao coldre.;ÑAG;;;;;;;;;;00:00:12;;;;;;;
;Deslocar-se até o carrinho da cobertura do para-lama ATP.;ÑAG;;;;;;;;;;00:00:06;;;;;;;
;Pegar uma tampa de bateria do Atego ATP.;AGR;;;;;;;;;;00:00:04;;;;;;;
;Deslocar-se até a bateria do veículo.;ÑAG;;;;;;;;;;00:00:05;;;;;;;
;Posicionar e travar a tampa da bateria.;AGR;;;;;;;;;;00:00:13;;;;;;;
;Voltar ao posto inicial.  ;ÑAG;;;;;;;;;;00:00:06;;;;;;;
;Pegar tampa de combustível;AGR;;;;;;;;;;;00:00:04;00:00:04;;;;;
;Andar até o veículo.;ÑAG;;;;;;;;;;;00:00:05;00:00:05;;;;;
;Colocar tampa de combustível;AGR;;;;;;;;;;;00:00:12;00:00:12;;;;;
;Pegar o checklist para verificar o país e o modelo.;ÑAG;;;;;;;;;;;00:00:04;00:00:04;;;;;
;Andar até prateleira.;ÑAG;;;;;;;;;;;00:00:04;00:00:04;;;;;
;Pegar o manual de instruções adequado.;AGR;;;;;;;;;;;00:00:05;00:00:05;;;;;
;Dirigir-se até a cabine do veículo.;ÑAG;;;;;;;;;;;00:02:40;00:02:40;;;;;
;Abrir a porta do motorista e colocar o manual no compartimento lateral da porta;AGR;;;;;;;;;;;00:00:00;00:00:00;;;;;
;Olhar nível do óleo da direção ;ÑAG;;;;;;;;;;;00:00:00;00:00:00;;;;;
;Pegar as travas do volante;ÑAG;;;;;;;;;;;00:00:00;00:00:00;;;;;
;Colocar as travas do volante no carrinho e retornar ao veículo;ÑAG;;;;;;;;;;;00:00:00;00:00:00;;;;;
;Retornar ao lado esquerdo do veículo e ajustar o retrovisor esquerdo.;ÑAG;;;;;;;;;;;00:00:00;00:00:00;;;;;
;Conferir as hastes do sistema de freio.;ÑAG;;;;;;;;;;;00:00:00;00:00:00;;;;;
;Entrar no veículo.;ÑAG;;;;;;;;;;;00:00:00;00:00:00;;;;;
;Ligar o veículo e remover a trava da direção.;ÑAG;;;;;;;;;;;00:00:00;00:00:00;;;;;
;Tirar a trava e realizar o teste de direção.;ÑAG;;;;;;;;;;;00:00:00;00:00:00;;;;;
;Engatar o veículo e realizar o teste do freio de serviço e do freio de emergência;ÑAG;;;;;;;;;;;00:00:00;00:00:00;;;;;
;Descer do veículo.;ÑAG;;;;;;;;;;;00:00:00;00:00:00;;;;;
;Voltar ao posto inicial.;ÑAG;;;;;;;;;;;00:00:00;00:00:00;;;;;
;Retirar o porty do carregador.;ÑAG;;;;;;;;;;;;;00:00:04;00:00:04;;;
;Pegar a escada para auxiliar ao subir no veículo.;ÑAG;;;;;;;;;;;;;00:00:03;00:00:03;;;
;Deslocar-se até o veículo e posicionar a escada no AGV.;ÑAG;;;;;;;;;;;;;00:00:08;00:00:08;;;
;Verificar o checklist do veículo.;ÑAG;;;;;;;;;;;;;00:00:06;00:00:06;;;
;Deslocar-se até a chave geral para ligar.;AGR;;;;;;;;;;;;;00:00:04;00:00:04;;;
;Entrar no veículo utilizando a escada posicionada anteriormente.;ÑAG;;;;;;;;;;;;;00:00:12;00:00:12;;;
;Conectar a tomada OBD.;ÑAG;;;;;;;;;;;;;00:00:06;00:00:06;;;
;Iniciar o processo elétrico, inserindo o R.E. e o NP do veículo, e rodar no modo automático até o término.;AGR;;;;;;;;;;;;;00:05:02;00:05:02;;;
;Desconectar a tomada OBD.;ÑAG;;;;;;;;;;;;;00:00:03;00:00:03;;;
;Descer do veículo, retirar o carrinho e devolver o porty;ÑAG;;;;;;;;;;;;;00:00:12;00:00:12;;;
;Pegar as etiquetas de avisos na prateleira e colar etiquetas nos locais apropriado;AGR;;;;;;;;;;;;;;;00:00:56;;
;Atividades gerais do controle;ÑAG;;;;;;;;;;;;;;;00:03:39;;
;Atividades do motorista;ÑAG;;;;;;;;;;;;;;;;00:04:26;
;Atividade QIS;ÑAG;;;;;;;;;;;;;;;;;00:04:30
;;;;;;;;;;;;;;;;;;;
;;;;;;;;;;;;;;;;;;;
;;;;;;;;;;;;;;;;;;;
;;;;;;;;;;;;;;;;;;;
;;;;;;;;;;;;;;;;;;;
;;;;;;;;;;;;;;;;;;;
;;Total;00:05:30;00:05:26;00:09:17;00:12:04;00:05:19;00:04:16;00:04:16;00:05:23;00:05:23;00:03:50;00:03:14;00:03:14;00:06:00;00:06:00;00:04:35;00:04:26;00:04:30
;;Agrega;00:01:38;00:02:19;00:08:28;00:09:18;00:04:01;00:02:54;00:02:54;00:04:06;00:04:06;00:02:47;00:00:21;00:00:21;00:05:06;00:05:06;00:00:56;00:00:00;00:00:00
;;Necessário;00:00:00;00:00:00;00:00:00;00:00:00;00:00:00;00:00:00;00:00:00;00:00:00;00:00:00;00:00:00;00:00:00;00:00:00;00:00:00;00:00:00;00:00:00;00:00:00;00:00:00
;;Não agrega;00:03:52;00:03:07;00:00:49;00:02:46;00:01:18;00:01:22;00:01:22;00:01:17;00:01:17;00:01:03;00:02:53;00:02:53;00:00:54;00:00:54;00:03:39;00:04:26;00:04:30
;;;;;;;;;;;;;;;;;;;
;;Takt;00:05:30;00:05:30;00:05:30;00:05:30;00:05:30;00:05:30;00:05:30;00:05:30;00:05:30;00:05:30;00:05:30;00:05:30;00:05:30;00:05:30;00:05:30;00:05:30;00:05:30
